{"MAKE_FREE": {"count": 7.992681722264623, "time_used": 0.0009877430072284831}, "MAKE_DUNK": {"count": 2.1533695505769304, "time_used": 18.894850267139578}, "MAKE_LAYUP": {"count": 6.1746060252323405, "time_used": 58.47815741031745}, "MAKE_HOOK": {"count": 0.5909397027791499, "time_used": 8.152112423113179}, "MAKE_JUMP": {"count": 4.500920396893099, "time_used": 60.403268531405736}, "MAKE_THREE": {"count": 5.937502806088095, "time_used": 70.41682754905041}, "MISS_FREE": {"count": 2.3371795447402697, "time_used": 0.0}, "MISS_DUNK": {"count": 0.15332465316751237, "time_used": 1.323845014142684}, "MISS_LAYUP": {"count": 3.3341714183091633, "time_used": 33.32348583486738}, "MISS_HOOK": {"count": 0.5683114084317333, "time_used": 7.864140439096661}, "MISS_JUMP": {"count": 5.63193103757913, "time_used": 78.68580792888254}, "MISS_THREE": {"count": 10.722623804606467, "time_used": 128.8266959996408}, "BLOCKED_DUNK": {"count": 0.11053742199075126, "time_used": 1.2326134782023075}, "BLOCKED_LAYUP": {"count": 1.527813945135365, "time_used": 16.145018632424915}, "BLOCKED_HOOK": {"count": 0.06047681048803486, "time_used": 0.8438917074484805}, "BLOCKED_JUMP": {"count": 0.40026040497463294, "time_used": 5.498181654918513}, "BLOCKED_THREE": {"count": 0.1333453059758453, "time_used": 1.7689579311273749}, "ASSIST_DUNK": {"count": 1.5338750954069948, "time_used": 15.365240425627443}, "ASSIST_LAYUP": {"count": 2.7930678399856292, "time_used": 30.623445427198842}, "ASSIST_HOOK": {"count": 0.2930453912809235, "time_used": 4.054550352444663}, "ASSIST_JUMP": {"count": 1.736093027432316, "time_used": 23.66210209670902}, "ASSIST_THREE": {"count": 4.502312216585101, "time_used": 53.409015399811445}, "OFFENSIVE_REBOUND": {"count": 4.437210972926862, "time_used": 11.86050374893369}, "DEFENSIVE_REBOUND": {"count": 15.06734611412921, "time_used": 41.53302204462806}, "BLOCK_DUNK": {"count": 0.1073497059219683, "time_used": 1.209670901988954}, "BLOCK_LAYUP": {"count": 1.4240111345575353, "time_used": 15.137610559870701}, "BLOCK_HOOK": {"count": 0.05984824675616222, "time_used": 0.8126880079019437}, "BLOCK_JUMP": {"count": 0.37071790957661754, "time_used": 5.144928837606067}, "BLOCK_THREE": {"count": 0.12921474430925337, "time_used": 1.746464329008217}, "TURNOVER": {"count": 2.4033583262245757, "time_used": 16.305032999595927}, "STEAL": {"count": 3.341040721950345, "time_used": 37.501863242490906}, "STOLEN": {"count": 3.3332285727113544, "time_used": 37.42567233870606}, "OFFENSIVE_FOUL": {"count": 0.7491581735733852, "time_used": 7.250841826426624}, "SHOOTING_FOUL": {"count": 4.172001975486014, "time_used": 30.213442284380196}, "PERSONAL_FOUL": {"count": 2.685763031473083, "time_used": 23.659498046962693}, "OFFENSIVE_FOULED": {"count": 0.7570601176312134, "time_used": 7.422798904503206}, "SHOOTING_FOULED": {"count": 4.166434696718, "time_used": 30.054011583531633}, "PERSONAL_FOULED": {"count": 2.6892201319983813, "time_used": 23.58465406546042}}