{"MAKE_FREE": {"count": 6.633233062452299, "time_used": 0.0007183585507116242}, "MAKE_DUNK": {"count": 1.7445786378125976, "time_used": 15.21492389889104}, "MAKE_LAYUP": {"count": 5.0744399048174955, "time_used": 48.00417545907595}, "MAKE_HOOK": {"count": 0.48246756162169424, "time_used": 6.653257307053382}, "MAKE_JUMP": {"count": 3.613792484173661, "time_used": 48.893458447447564}, "MAKE_THREE": {"count": 4.916715305526871, "time_used": 58.42315808377849}, "MISS_FREE": {"count": 1.9269070174650929, "time_used": 0.0}, "MISS_DUNK": {"count": 0.12975351322228712, "time_used": 1.1209087235666502}, "MISS_LAYUP": {"count": 2.736137924841734, "time_used": 27.389529924123373}, "MISS_HOOK": {"count": 0.46500246935751827, "time_used": 6.462667804067702}, "MISS_JUMP": {"count": 4.579176581511245, "time_used": 64.3466080007183}, "MISS_THREE": {"count": 8.871189332375515, "time_used": 106.54245050060615}, "BLOCKED_DUNK": {"count": 0.09383558568670589, "time_used": 1.0546850446729217}, "BLOCKED_LAYUP": {"count": 1.2670946886364653, "time_used": 13.443721097292677}, "BLOCKED_HOOK": {"count": 0.052215687154851184, "time_used": 0.7149912450051635}, "BLOCKED_JUMP": {"count": 0.32837965249405143, "time_used": 4.571723611547616}, "BLOCKED_THREE": {"count": 0.11556593184573256, "time_used": 1.5486463431060025}, "ASSIST_DUNK": {"count": 1.2576662326583745, "time_used": 12.550936110986397}, "ASSIST_LAYUP": {"count": 2.3026983343061107, "time_used": 25.133165716338183}, "ASSIST_HOOK": {"count": 0.23678893727831896, "time_used": 3.2938086472410544}, "ASSIST_JUMP": {"count": 1.3801014681452874, "time_used": 18.89619718942218}, "ASSIST_THREE": {"count": 3.7592600906927656, "time_used": 44.78637812598208}, "OFFENSIVE_REBOUND": {"count": 4.397252278543526, "time_used": 11.760651910384777}, "DEFENSIVE_REBOUND": {"count": 14.929690656849091, "time_used": 41.13850850805909}, "BLOCK_DUNK": {"count": 1.2576662326583745, "time_used": 12.550936110986397}, "BLOCK_LAYUP": {"count": 2.3026983343061107, "time_used": 25.133165716338183}, "BLOCK_HOOK": {"count": 0.23678893727831896, "time_used": 3.2938086472410544}, "BLOCK_JUMP": {"count": 1.3801014681452874, "time_used": 18.89619718942218}, "BLOCK_THREE": {"count": 3.7592600906927656, "time_used": 44.78637812598208}, "TURNOVER": {"count": 1.977641090109101, "time_used": 13.450006734611426}, "STEAL": {"count": 3.2921025456831146, "time_used": 36.845103937502806}, "STOLEN": {"count": 2.7251380595339674, "time_used": 30.537421990751138}, "OFFENSIVE_FOUL": {"count": 0.6190903784851614, "time_used": 6.085080590849912}, "SHOOTING_FOUL": {"count": 3.418803035064878, "time_used": 24.647375746419424}, "PERSONAL_FOUL": {"count": 2.207560723746238, "time_used": 19.335204058725814}, "OFFENSIVE_FOULED": {"count": 0.6230413505140764, "time_used": 6.041619898531855}, "SHOOTING_FOULED": {"count": 3.4389170744848006, "time_used": 24.92897229829839}, "PERSONAL_FOULED": {"count": 2.208099492659271, "time_used": 19.436582409195008}}