{"MAKE_FREE": {"count": 1.6192250707134177, "time_used": 0.0001346922282584295}, "MAKE_DUNK": {"count": 0.42657028689444637, "time_used": 3.74695820051183}, "MAKE_LAYUP": {"count": 1.2295604543617837, "time_used": 11.64571454227092}, "MAKE_HOOK": {"count": 0.11812508418264271, "time_used": 1.6216046334126524}, "MAKE_JUMP": {"count": 0.8704709738248104, "time_used": 11.80806357473173}, "MAKE_THREE": {"count": 1.1579939837471378, "time_used": 13.81125129080052}, "MISS_FREE": {"count": 0.4708840299914696, "time_used": 0.0}, "MISS_DUNK": {"count": 0.031338391774794534, "time_used": 0.27306604408925605}, "MISS_LAYUP": {"count": 0.6553225878866792, "time_used": 6.5614870021999785}, "MISS_HOOK": {"count": 0.1113006779508822, "time_used": 1.559601311004355}, "MISS_JUMP": {"count": 1.1029497597988587, "time_used": 15.46643918645894}, "MISS_THREE": {"count": 2.089300947335338, "time_used": 25.076909262335562}, "BLOCKED_DUNK": {"count": 0.023211960669869296, "time_used": 0.26651102231401264}, "BLOCKED_LAYUP": {"count": 0.3081309208458676, "time_used": 3.283931217168767}, "BLOCKED_HOOK": {"count": 0.012436582409194978, "time_used": 0.16724285008754997}, "BLOCKED_JUMP": {"count": 0.07928882503479555, "time_used": 1.1063170655053198}, "BLOCKED_THREE": {"count": 0.02747721456471956, "time_used": 0.369550576931711}, "ASSIST_DUNK": {"count": 0.29506577470479967, "time_used": 2.9612984330804104}, "ASSIST_LAYUP": {"count": 0.5405199120010771, "time_used": 5.893727831904096}, "ASSIST_HOOK": {"count": 0.0549095317200198, "time_used": 0.7553989134826918}, "ASSIST_JUMP": {"count": 0.31962465765725334, "time_used": 4.370717909576617}, "ASSIST_THREE": {"count": 0.8767566111435376, "time_used": 10.426570286894437}, "OFFENSIVE_REBOUND": {"count": 0.8604139541148482, "time_used": 2.2922372379113707}, "DEFENSIVE_REBOUND": {"count": 2.9245274547658573, "time_used": 8.053427917209182}, "BLOCK_DUNK": {"count": 0.020248731648183842, "time_used": 0.2190095631482064}, "BLOCK_LAYUP": {"count": 0.2735150181834508, "time_used": 2.9021685448749603}, "BLOCK_HOOK": {"count": 0.011134557536030152, "time_used": 0.15417770394648223}, "BLOCK_JUMP": {"count": 0.07295829030664933, "time_used": 1.0014816145108432}, "BLOCK_THREE": {"count": 0.023975216630000403, "time_used": 0.31482063484936923}, "TURNOVER": {"count": 0.4748350020203831, "time_used": 3.229560454361785}, "STEAL": {"count": 0.6405064427782522, "time_used": 7.179544740268485}, "STOLEN": {"count": 0.6511920262200868, "time_used": 7.295200466933058}, "OFFENSIVE_FOUL": {"count": 0.14905939927266207, "time_used": 1.4471333004085658}, "SHOOTING_FOUL": {"count": 0.8058187042607646, "time_used": 5.835720378934135}, "PERSONAL_FOUL": {"count": 0.5152875679073318, "time_used": 4.541552552417721}, "OFFENSIVE_FOULED": {"count": 0.14470435055897282, "time_used": 1.3961747407174612}, "SHOOTING_FOULED": {"count": 0.8279531271045665, "time_used": 5.99739595025367}, "PERSONAL_FOULED": {"count": 0.5375117855699727, "time_used": 4.756566246127602}}